{
  "100008698744166": {
    "name": "zed",
    "happiness": 65,
    "hunger": 40,
    "energy": 107,
    "coins": 5,
    "lastRestTime": 1697960606485,
    "foods": [
      "🍒",
      "🍎",
      "🍉",
      "🍑",
      "🍊",
      "🥭",
      "🍍",
      "🌶️",
      "🍋",
      "🍈",
      "🍏",
      "🍐",
      "🥝",
      "🍇",
      "🥥",
      "🍅",
      "🥕",
      "🍠",
      "🌽",
      "🥦",
      "🥒",
      "🥬",
      "🥑",
      "🍆",
      "🥔",
      "🌰",
      "🥜",
      "🍞",
      "🥐",
      "🥖",
      "🥯",
      "🥞",
      "🍳",
      "🥚",
      "🧀",
      "🥓",
      "🥩",
      "🍗",
      "🍖",
      "🍔",
      "🌭",
      "🥪",
      "🥨",
      "🍟",
      "🍕",
      "🌮",
      "🌯",
      "🥙",
      "🥘",
      "🍝",
      "🥫",
      "🥣",
      "🥗",
      "🍲",
      "🍛",
      "🍜",
      "🦞",
      "🍣",
      "🍤",
      "🥡",
      "🍚",
      "🥟",
      "🥟",
      "🍢",
      "🍙",
      "🍘",
      "🍥",
      "🍡",
      "🥠",
      "🥮",
      "🍧",
      "🍨",
      "🍦",
      "🥧",
      "🍰",
      "🍮",
      "🎂",
      "🧁",
      "🍭",
      "🍫",
      "🍫",
      "🍩",
      "🍪",
      "🍯",
      "🧂",
      "🍿",
      "🥤",
      "🥛",
      "🍵",
      "☕",
      "🍹",
      "🍶"
    ]
  }
}